垫圈整个表面涂7013号专用密封脂,树脂和固化剂的比例按材料包装上的说明进行,窗口玻璃0-4,锌合金ZZnAlD4,YX安全系统
垫圈整个表面涂7014号专用密封脂,树脂和固化剂的比例按材料包装上的说明进行,窗口玻璃0-5,锌合金ZZnAlD5,YX安全系统
垫圈整个表面涂7015号专用密封脂,树脂和固化剂的比例按材料包装上的说明进行,窗口玻璃0-6,锌合金ZZnAlD6,YX安全系统
垫圈整个表面涂7016号专用密封脂,树脂和固化剂的比例按材料包装上的说明进行,窗口玻璃0-7,锌合金ZZnAlD7,YX安全系统
垫圈整个表面涂7017号专用密封脂,树脂和固化剂的比例按材料包装上的说明进行,窗口玻璃0-8,锌合金ZZnAlD8,YX安全系统
垫圈整个表面涂7018号专用密封脂,树脂和固化剂的比例按材料包装上的说明进行,窗口玻璃0-9,锌合金ZZnAlD9,YX安全系统
垫圈整个表面涂7019号专用密封脂,树脂和固化剂的比例按材料包装上的说明进行,窗口玻璃0-10,锌合金ZZnAlD10,YX安全系统
垫圈整个表面涂7020号专用密封脂,树脂和固化剂的比例按材料包装上的说明进行,窗口玻璃0-11,锌合金ZZnAlD11,YX安全系统
垫圈整个表面涂7021号专用密封脂,树脂和固化剂的比例按材料包装上的说明进行,窗口玻璃0-12,锌合金ZZnAlD12,YX安全系统
垫圈整个表面涂7022号专用密封脂,树脂和固化剂的比例按材料包装上的说明进行,窗口玻璃0-13,锌合金ZZnAlD13,YX安全系统
垫圈整个表面涂7023号专用密封脂,树脂和固化剂的比例按材料包装上的说明进行,窗口玻璃0-14,锌合金ZZnAlD14,YX安全系统
垫圈整个表面涂7024号专用密封脂,树脂和固化剂的比例按材料包装上的说明进行,窗口玻璃0-15,锌合金ZZnAlD15,YX安全系统
垫圈整个表面涂7025号专用密封脂,树脂和固化剂的比例按材料包装上的说明进行,窗口玻璃0-16,锌合金ZZnAlD16,YX安全系统
垫圈整个表面涂7026号专用密封脂,树脂和固化剂的比例按材料包装上的说明进行,窗口玻璃0-17,锌合金ZZnAlD17,YX安全系统
垫圈整个表面涂7027号专用密封脂,树脂和固化剂的比例按材料包装上的说明进行,窗口玻璃0-18,锌合金ZZnAlD18,YX安全系统
垫圈整个表面涂7028号专用密封脂,树脂和固化剂的比例按材料包装上的说明进行,窗口玻璃0-19,锌合金ZZnAlD19,YX安全系统
垫圈整个表面涂7029号专用密封脂,树脂和固化剂的比例按材料包装上的说明进行,窗口玻璃0-20,锌合金ZZnAlD20,YX安全系统
垫圈整个表面涂7030号专用密封脂,树脂和固化剂的比例按材料包装上的说明进行,窗口玻璃0-21,锌合金ZZnAlD21,YX安全系统
垫圈整个表面涂7031号专用密封脂,树脂和固化剂的比例按材料包装上的说明进行,窗口玻璃0-22,锌合金ZZnAlD22,YX安全系统
垫圈整个表面涂7032号专用密封脂,树脂和固化剂的比例按材料包装上的说明进行,窗口玻璃0-23,锌合金ZZnAlD23,YX安全系统
垫圈整个表面涂7033号专用密封脂,树脂和固化剂的比例按材料包装上的说明进行,窗口玻璃0-24,锌合金ZZnAlD24,YX安全系统
垫圈整个表面涂7034号专用密封脂,树脂和固化剂的比例按材料包装上的说明进行,窗口玻璃0-25,锌合金ZZnAlD25,YX安全系统
垫圈整个表面涂7035号专用密封脂,树脂和固化剂的比例按材料包装上的说明进行,窗口玻璃0-26,锌合金ZZnAlD26,YX安全系统
垫圈整个表面涂7036号专用密封脂,树脂和固化剂的比例按材料包装上的说明进行,窗口玻璃0-27,锌合金ZZnAlD27,YX安全系统
垫圈整个表面涂7037号专用密封脂,树脂和固化剂的比例按材料包装上的说明进行,窗口玻璃0-28,锌合金ZZnAlD28,YX安全系统
垫圈整个表面涂7038号专用密封脂,树脂和固化剂的比例按材料包装上的说明进行,窗口玻璃0-29,锌合金ZZnAlD29,YX安全系统
垫圈整个表面涂7039号专用密封脂,树脂和固化剂的比例按材料包装上的说明进行,窗口玻璃0-30,锌合金ZZnAlD30,YX安全系统
垫圈整个表面涂7040号专用密封脂,树脂和固化剂的比例按材料包装上的说明进行,窗口玻璃0-31,锌合金ZZnAlD31,YX安全系统
垫圈整个表面涂7041号专用密封脂,树脂和固化剂的比例按材料包装上的说明进行,窗口玻璃0-32,锌合金ZZnAlD32,YX安全系统
垫圈整个表面涂7042号专用密封脂,树脂和固化剂的比例按材料包装上的说明进行,窗口玻璃0-33,锌合金ZZnAlD33,YX安全系统
垫圈整个表面涂7043号专用密封脂,树脂和固化剂的比例按材料包装上的说明进行,窗口玻璃0-34,锌合金ZZnAlD34,YX安全系统
垫圈整个表面涂7044号专用密封脂,树脂和固化剂的比例按材料包装上的说明进行,窗口玻璃0-35,锌合金ZZnAlD35,YX安全系统
垫圈整个表面涂7045号专用密封脂,树脂和固化剂的比例按材料包装上的说明进行,窗口玻璃0-36,锌合金ZZnAlD36,YX安全系统
垫圈整个表面涂7046号专用密封脂,树脂和固化剂的比例按材料包装上的说明进行,窗口玻璃0-37,锌合金ZZnAlD37,YX安全系统
垫圈整个表面涂7047号专用密封脂,树脂和固化剂的比例按材料包装上的说明进行,窗口玻璃0-38,锌合金ZZnAlD38,YX安全系统
垫圈整个表面涂7048号专用密封脂,树脂和固化剂的比例按材料包装上的说明进行,窗口玻璃0-39,锌合金ZZnAlD39,YX安全系统
垫圈整个表面涂7049号专用密封脂,树脂和固化剂的比例按材料包装上的说明进行,窗口玻璃0-40,锌合金ZZnAlD40,YX安全系统
垫圈整个表面涂7050号专用密封脂,树脂和固化剂的比例按材料包装上的说明进行,窗口玻璃0-41,锌合金ZZnAlD41,YX安全系统
垫圈整个表面涂7051号专用密封脂,树脂和固化剂的比例按材料包装上的说明进行,窗口玻璃0-42,锌合金ZZnAlD42,YX安全系统
垫圈整个表面涂7052号专用密封脂,树脂和固化剂的比例按材料包装上的说明进行,窗口玻璃0-43,锌合金ZZnAlD43,YX安全系统
垫圈整个表面涂7053号专用密封脂,树脂和固化剂的比例按材料包装上的说明进行,窗口玻璃0-44,锌合金ZZnAlD44,YX安全系统
